[
    {
        "name": "Skyr",
        "allergens": [7],
        "macroNutrients": {
            "carbohydrate": 3,
            "fat": 0.1,
            "protein": 12
        }
    },
    {
        "name": "Soft semi-fat cottage chesse",
        "allergens": [7],
        "macroNutrients": {
            "carbohydrate": 4.5,
            "fat": 3.5,
            "protein": 11
        }
    },
    {
        "name": "Greek yogurt",
        "allergens": [7],
        "macroNutrients": {
            "carbohydrate": 3.5,
            "fat": 0.3,
            "protein": 10
        }
    }
]