[
    {
        "name": "Whole-grain bread roll",
        "allergens": [1],
        "macroNutrients": {
            "carbohydrate": 55,
            "fat": 3,
            "protein": 9
        }
    },
    {
        "name": "Soy bread roll",
        "allergens": [1, 6],
        "macroNutrients": {
            "carbohydrate": 50.1,
            "fat": 1.5,
            "protein": 11.1
        }
    },
    {
        "name": "Graham bread",
        "allergens": [1],
        "macroNutrients": {
            "carbohydrate": 51.7,
            "fat": 1.6,
            "protein": 11.6
        }
    },
    {
        "name": "Rye knäckebrot",
        "allergens": [1],
        "macroNutrients": {
            "carbohydrate": 65,
            "fat": 3,
            "protein": 13
        }
    },
    {
        "name": "Rye whole-grain bread",
        "allergens": [1],
        "macroNutrients": {
            "carbohydrate": 48.7,
            "fat": 1.1,
            "protein": 7.3
        }
    },
    {
        "name": "Sourdough rye bread",
        "allergens": [1,7],
        "macroNutrients": {
            "carbohydrate": 40.7,
            "fat": 1.2,
            "protein": 4.6
        }
    },
    {
        "name": "Cereal kaiser roll",
        "allergens": [1],
        "macroNutrients": {
            "carbohydrate": 45.2,
            "fat": 2.8,
            "protein": 9
        }
    },
    {
        "name": "Gluten free bread",
        "allergens": [],
        "macroNutrients": {
            "carbohydrate": 16,
            "fat": 1,
            "protein": 1
        }
    },
    {
        "name": "Gluten free bread roll",
        "allergens": [],
        "macroNutrients": {
            "carbohydrate": 29,
            "fat": 10,
            "protein": 4
        }
    },
    {
        "name": "Gluten free kaiser roll",
        "allergens": [],
        "macroNutrients": {
            "carbohydrate": 30,
            "fat": 2,
            "protein": 2.5
        }
    }
]