[
    {
        "name": "Paddy rice",
        "allergens": [],
        "macroNutrients": {
            "carbohydrate": 24,
            "fat": 0.68,
            "protein": 2
        }
    },
    {
        "name": "Bulgur",
        "allergens": [1],
        "macroNutrients": {
            "carbohydrate": 19,
            "fat": 0.24,
            "protein": 3
        }
    },
    {
        "name": "Millet",
        "allergens": [],
        "macroNutrients": {
            "carbohydrate": 17.2,
            "fat": 1,
            "protein": 2.93
        }
    },
    {
        "name": "Buckwheat",
        "allergens": [],
        "macroNutrients": {
            "carbohydrate": 20,
            "fat": 0.62,
            "protein": 3
        }
    },
    {
        "name": "Quinoa",
        "allergens": [],
        "macroNutrients": {
            "carbohydrate": 21,
            "fat": 2,
            "protein": 4
        }
    }
]