[
    {
        "name": "Grape",
        "allergens": [],
        "macroNutrients": {
            "carbohydrate": 10,
            "fat": 0.3,
            "protein": 0.5
        }
    },
    {
        "name": "Orange",
        "allergens": [],
        "macroNutrients": {
            "carbohydrate": 11,
            "fat": 0.2,
            "protein": 0.9
        }
    },
    {
        "name": "China orange",
        "allergens": [],
        "macroNutrients": {
            "carbohydrate": 12,
            "fat": 0.3,
            "protein": 0.7
        }
    }
]