[
    {
        "name": "Boneless chicken breast",
        "allergens": [],
        "macroNutrients": {
            "carbohydrate": 0.5,
            "fat": 1.2,
            "protein": 29.8
        }
    },
    {
        "name": "Boneless turkey breast",
        "allergens": [],
        "macroNutrients": {
            "carbohydrate": 0.2,
            "fat": 2,
            "protein": 22.5
        }
    },
    {
        "name": "Fish fillet",
        "allergens": [4],
        "macroNutrients": {
            "carbohydrate": 0,
            "fat": 0.6,
            "protein": 18.7
        }
    },
    {
        "name": "Trout",
        "allergens": [4],
        "macroNutrients": {
            "carbohydrate": 0,
            "fat": 4.7,
            "protein": 18.9
        }
    },
    {
        "name": "Salmon",
        "allergens": [4],
        "macroNutrients": {
            "carbohydrate": 0,
            "fat": 10.4,
            "protein": 20
        }
    },
    {
        "name": "Smoked tofu",
        "allergens": [],
        "macroNutrients": {
            "carbohydrate": 0.5,
            "fat": 7.8,
            "protein": 11.4
        }
    },
    {
        "name": "Rumpsteak",
        "allergens": [],
        "macroNutrients": {
            "carbohydrate": 0,
            "fat": 2.5,
            "protein": 22.3
        }
    },
    {
        "name": "Rabbit meat",
        "allergens": [],
        "macroNutrients": {
            "carbohydrate": 0.3,
            "fat": 9.2,
            "protein": 19.7
        }
    }
]