[
    {
        "name": "Broccoli",
        "allergens": [],
        "macroNutrients": {
            "carbohydrate": 6,
            "fat": 3,
            "protein": 3
        }
    },
    {
        "name": "Cauliflower",
        "allergens": [],
        "macroNutrients": {
            "carbohydrate": 4,
            "fat": 0.3,
            "protein": 2
        }
    },
    {
        "name": "Beans",
        "allergens": [],
        "macroNutrients": {
            "carbohydrate": 6,
            "fat": 0.25,
            "protein": 2
        }
    },
    {
        "name": "Eggplant",
        "allergens": [],
        "macroNutrients": {
            "carbohydrate": 4,
            "fat": 0.2,
            "protein": 1
        }
    },
    {
        "name": "Zucchini",
        "allergens": [],
        "macroNutrients": {
            "carbohydrate": 3,
            "fat": 0.3,
            "protein": 1
        }
    },
    {
        "name": "Carrot",
        "allergens": [],
        "macroNutrients": {
            "carbohydrate": 7,
            "fat": 0.2,
            "protein": 1
        }
    },
    {
        "name": "Iceberg lettuce",
        "allergens": [],
        "macroNutrients": {
            "carbohydrate": 2.9,
            "fat": 0.2,
            "protein": 0.8
        }
    }
]