[
    {
        "name": "Cashews",
        "allergens": [8],
        "macroNutrients": {
            "carbohydrate": 21,
            "fat": 50,
            "protein": 16
        }
    },
    {
        "name": "Almonds",
        "allergens": [8],
        "macroNutrients": {
            "carbohydrate": 18.6,
            "fat": 53.4,
            "protein": 20.4
        }
    },
    {
        "name": "Walnuts",
        "allergens": [8],
        "macroNutrients": {
            "carbohydrate": 14.5,
            "fat": 63.4,
            "protein": 20.4
        }
    },
    {
        "name": "Peanuts",
        "allergens": [5],
        "macroNutrients": {
            "carbohydrate": 18.2,
            "fat": 48.9,
            "protein": 25.8
        }
    }
]