[
    {
        "name": "Rapeseed oil",
        "allergens": [],
        "macroNutrients": {
            "carbohydrate": 0,
            "fat": 99.7,
            "protein": 0
        }
    },
    {
        "name": "Olive oil",
        "allergens": [],
        "macroNutrients": {
            "carbohydrate": 0.2,
            "fat": 99.4,
            "protein": 0
        }
    },
    {
        "name": "Flax oil",
        "allergens": [],
        "macroNutrients": {
            "carbohydrate": 0,
            "fat": 100,
            "protein": 0
        }
    },
    {
        "name": "Sesame oil",
        "allergens": [8],
        "macroNutrients": {
            "carbohydrate": 0.1,
            "fat": 99.4,
            "protein": 0.1
        }
    }
]