[
    {
        "name": "Graham pasta",
        "allergens": [1,3],
        "macroNutrients": {
            "carbohydrate": 20,
            "fat": 0.73,
            "protein": 4
        }
    },
    {
        "name": "Couscous",
        "allergens": [1],
        "macroNutrients": {
            "carbohydrate": 22,
            "fat": 0.9,
            "protein": 4
        }
    },
    {
        "name": "Pea pasta",
        "allergens": [3],
        "macroNutrients": {
            "carbohydrate": 20.5,
            "fat": 0.5,
            "protein": 4.5
        }
    }
]