[
    {
        "name": "Tomatoes",
        "allergens": [],
        "macroNutrients": {
            "carbohydrate": 4,
            "fat": 0.2,
            "protein": 1
        }
    },
    {
        "name": "Cucumber",
        "allergens": [],
        "macroNutrients": {
            "carbohydrate": 2,
            "fat": 0.2,
            "protein": 0.8
        }
    },
    {
        "name": "Paprika",
        "allergens": [],
        "macroNutrients": {
            "carbohydrate": 3.7,
            "fat": 0.9,
            "protein": 1
        }
    },
    {
        "name": "Salmon radish",
        "allergens": [],
        "macroNutrients": {
            "carbohydrate": 4,
            "fat": 0.1,
            "protein": 1
        }
    }
]