[
    {
        "name": "RopeJump",
        "kjPerKgPerMin": 0.7
    },
    {
        "name": "Zumba",
        "kjPerKgPerMin": 0.54
    },
    {
        "name": "Aerobic",
        "kjPerKgPerMin": 0.43
    },
    {
        "name": "Stepper",
        "kjPerKgPerMin": 0.45
    },
    {
        "name": "Swimming",
        "kjPerKgPerMin": 0.62
    },
    {
        "name": "Sauna",
        "kjPerKgPerMin": 0.3
    },
    {
        "name": "CircleTraining",
        "kjPerKgPerMin": 0.49
    },
    {
        "name": "Walking",
        "kjPerKgPerMin": 0.17
    },
    {
        "name": "ExerciseBike",
        "kjPerKgPerMin": 0.5
    },
    {
        "name": "Cycling",
        "kjPerKgPerMin": 0.49
    },
    {
        "name": "Running",
        "kjPerKgPerMin": 0.44
    }
]